,Method,$\widehat{\beta}$
0,active (shifted),0.3434343434343435
1,active (partial+cons_cv),0.37373737373737376
2,active (shifted),0.33333333333333337
3,active (partial+cons_cv),0.36363636363636365
4,active (shifted),0.3434343434343435
5,active (partial+cons_cv),0.38383838383838387
6,active (shifted),0.32323232323232326
7,active (partial+cons_cv),0.38383838383838387
8,active (shifted),0.3535353535353536
9,active (partial+cons_cv),0.38383838383838387
10,active (shifted),0.3434343434343435
11,active (partial+cons_cv),0.37373737373737376
12,active (shifted),0.33333333333333337
13,active (partial+cons_cv),0.37373737373737376
14,active (shifted),0.3535353535353536
15,active (partial+cons_cv),0.393939393939394
16,active (shifted),0.33333333333333337
17,active (partial+cons_cv),0.37373737373737376
18,active (shifted),0.3434343434343435
19,active (partial+cons_cv),0.37373737373737376
20,active (shifted),0.3535353535353536
21,active (partial+cons_cv),0.393939393939394
22,active (shifted),0.3535353535353536
23,active (partial+cons_cv),0.38383838383838387
24,active (shifted),0.3535353535353536
25,active (partial+cons_cv),0.38383838383838387
26,active (shifted),0.3535353535353536
27,active (partial+cons_cv),0.393939393939394
28,active (shifted),0.3535353535353536
29,active (partial+cons_cv),0.38383838383838387
30,active (shifted),0.33333333333333337
31,active (partial+cons_cv),0.393939393939394
32,active (shifted),0.3434343434343435
33,active (partial+cons_cv),0.37373737373737376
34,active (shifted),0.33333333333333337
35,active (partial+cons_cv),0.37373737373737376
36,active (shifted),0.3434343434343435
37,active (partial+cons_cv),0.38383838383838387
38,active (shifted),0.33333333333333337
39,active (partial+cons_cv),0.38383838383838387
40,active (shifted),0.3434343434343435
41,active (partial+cons_cv),0.37373737373737376
42,active (shifted),0.33333333333333337
43,active (partial+cons_cv),0.37373737373737376
44,active (shifted),0.36363636363636365
45,active (partial+cons_cv),0.393939393939394
46,active (shifted),0.33333333333333337
47,active (partial+cons_cv),0.37373737373737376
48,active (shifted),0.36363636363636365
49,active (partial+cons_cv),0.38383838383838387
50,active (shifted),0.3434343434343435
51,active (partial+cons_cv),0.36363636363636365
52,active (shifted),0.32323232323232326
53,active (partial+cons_cv),0.37373737373737376
54,active (shifted),0.3434343434343435
55,active (partial+cons_cv),0.38383838383838387
56,active (shifted),0.3535353535353536
57,active (partial+cons_cv),0.37373737373737376
58,active (shifted),0.36363636363636365
59,active (partial+cons_cv),0.393939393939394
60,active (shifted),0.33333333333333337
61,active (partial+cons_cv),0.393939393939394
62,active (shifted),0.3434343434343435
63,active (partial+cons_cv),0.393939393939394
64,active (shifted),0.3535353535353536
65,active (partial+cons_cv),0.38383838383838387
66,active (shifted),0.3434343434343435
67,active (partial+cons_cv),0.38383838383838387
68,active (shifted),0.3535353535353536
69,active (partial+cons_cv),0.393939393939394
70,active (shifted),0.32323232323232326
71,active (partial+cons_cv),0.37373737373737376
72,active (shifted),0.3434343434343435
73,active (partial+cons_cv),0.38383838383838387
74,active (shifted),0.3434343434343435
75,active (partial+cons_cv),0.38383838383838387
76,active (shifted),0.3434343434343435
77,active (partial+cons_cv),0.38383838383838387
78,active (shifted),0.3535353535353536
79,active (partial+cons_cv),0.4040404040404041
80,active (shifted),0.32323232323232326
81,active (partial+cons_cv),0.37373737373737376
82,active (shifted),0.33333333333333337
83,active (partial+cons_cv),0.38383838383838387
84,active (shifted),0.33333333333333337
85,active (partial+cons_cv),0.38383838383838387
86,active (shifted),0.33333333333333337
87,active (partial+cons_cv),0.37373737373737376
88,active (shifted),0.31313131313131315
89,active (partial+cons_cv),0.38383838383838387
90,active (shifted),0.33333333333333337
91,active (partial+cons_cv),0.37373737373737376
92,active (shifted),0.3434343434343435
93,active (partial+cons_cv),0.38383838383838387
94,active (shifted),0.33333333333333337
95,active (partial+cons_cv),0.37373737373737376
96,active (shifted),0.3434343434343435
97,active (partial+cons_cv),0.393939393939394
98,active (shifted),0.3434343434343435
99,active (partial+cons_cv),0.37373737373737376
100,active (shifted),0.3434343434343435
101,active (partial+cons_cv),0.37373737373737376
102,active (shifted),0.33333333333333337
103,active (partial+cons_cv),0.37373737373737376
104,active (shifted),0.3434343434343435
105,active (partial+cons_cv),0.37373737373737376
106,active (shifted),0.3434343434343435
107,active (partial+cons_cv),0.38383838383838387
108,active (shifted),0.3535353535353536
109,active (partial+cons_cv),0.38383838383838387
110,active (shifted),0.3535353535353536
111,active (partial+cons_cv),0.38383838383838387
112,active (shifted),0.33333333333333337
113,active (partial+cons_cv),0.37373737373737376
114,active (shifted),0.3535353535353536
115,active (partial+cons_cv),0.393939393939394
116,active (shifted),0.3535353535353536
117,active (partial+cons_cv),0.393939393939394
118,active (shifted),0.3535353535353536
119,active (partial+cons_cv),0.37373737373737376
120,active (shifted),0.3535353535353536
121,active (partial+cons_cv),0.38383838383838387
122,active (shifted),0.3535353535353536
123,active (partial+cons_cv),0.38383838383838387
124,active (shifted),0.3535353535353536
125,active (partial+cons_cv),0.38383838383838387
126,active (shifted),0.3535353535353536
127,active (partial+cons_cv),0.38383838383838387
128,active (shifted),0.3434343434343435
129,active (partial+cons_cv),0.37373737373737376
130,active (shifted),0.33333333333333337
131,active (partial+cons_cv),0.38383838383838387
132,active (shifted),0.3434343434343435
133,active (partial+cons_cv),0.38383838383838387
134,active (shifted),0.3434343434343435
135,active (partial+cons_cv),0.37373737373737376
136,active (shifted),0.3434343434343435
137,active (partial+cons_cv),0.38383838383838387
138,active (shifted),0.3535353535353536
139,active (partial+cons_cv),0.38383838383838387
140,active (shifted),0.33333333333333337
141,active (partial+cons_cv),0.38383838383838387
142,active (shifted),0.33333333333333337
143,active (partial+cons_cv),0.38383838383838387
144,active (shifted),0.30303030303030304
145,active (partial+cons_cv),0.37373737373737376
146,active (shifted),0.3434343434343435
147,active (partial+cons_cv),0.38383838383838387
148,active (shifted),0.32323232323232326
149,active (partial+cons_cv),0.37373737373737376
150,active (shifted),0.3434343434343435
151,active (partial+cons_cv),0.38383838383838387
152,active (shifted),0.33333333333333337
153,active (partial+cons_cv),0.37373737373737376
154,active (shifted),0.3535353535353536
155,active (partial+cons_cv),0.38383838383838387
156,active (shifted),0.3535353535353536
157,active (partial+cons_cv),0.37373737373737376
158,active (shifted),0.3434343434343435
159,active (partial+cons_cv),0.38383838383838387
160,active (shifted),0.3434343434343435
161,active (partial+cons_cv),0.36363636363636365
162,active (shifted),0.3434343434343435
163,active (partial+cons_cv),0.37373737373737376
164,active (shifted),0.3434343434343435
165,active (partial+cons_cv),0.37373737373737376
166,active (shifted),0.33333333333333337
167,active (partial+cons_cv),0.393939393939394
168,active (shifted),0.3535353535353536
169,active (partial+cons_cv),0.38383838383838387
170,active (shifted),0.33333333333333337
171,active (partial+cons_cv),0.37373737373737376
172,active (shifted),0.32323232323232326
173,active (partial+cons_cv),0.38383838383838387
174,active (shifted),0.32323232323232326
175,active (partial+cons_cv),0.37373737373737376
176,active (shifted),0.33333333333333337
177,active (partial+cons_cv),0.37373737373737376
178,active (shifted),0.3535353535353536
179,active (partial+cons_cv),0.38383838383838387
180,active (shifted),0.3434343434343435
181,active (partial+cons_cv),0.393939393939394
182,active (shifted),0.3535353535353536
183,active (partial+cons_cv),0.38383838383838387
184,active (shifted),0.33333333333333337
185,active (partial+cons_cv),0.38383838383838387
186,active (shifted),0.3434343434343435
187,active (partial+cons_cv),0.38383838383838387
188,active (shifted),0.33333333333333337
189,active (partial+cons_cv),0.38383838383838387
190,active (shifted),0.3535353535353536
191,active (partial+cons_cv),0.38383838383838387
192,active (shifted),0.36363636363636365
193,active (partial+cons_cv),0.393939393939394
194,active (shifted),0.3535353535353536
195,active (partial+cons_cv),0.38383838383838387
196,active (shifted),0.33333333333333337
197,active (partial+cons_cv),0.38383838383838387
198,active (shifted),0.3434343434343435
199,active (partial+cons_cv),0.38383838383838387
200,active (shifted),0.33333333333333337
201,active (partial+cons_cv),0.37373737373737376
202,active (shifted),0.33333333333333337
203,active (partial+cons_cv),0.36363636363636365
204,active (shifted),0.3434343434343435
205,active (partial+cons_cv),0.38383838383838387
206,active (shifted),0.32323232323232326
207,active (partial+cons_cv),0.37373737373737376
208,active (shifted),0.3434343434343435
209,active (partial+cons_cv),0.37373737373737376
210,active (shifted),0.33333333333333337
211,active (partial+cons_cv),0.37373737373737376
212,active (shifted),0.3434343434343435
213,active (partial+cons_cv),0.37373737373737376
214,active (shifted),0.3434343434343435
215,active (partial+cons_cv),0.37373737373737376
216,active (shifted),0.36363636363636365
217,active (partial+cons_cv),0.38383838383838387
218,active (shifted),0.3535353535353536
219,active (partial+cons_cv),0.38383838383838387
220,active (shifted),0.3535353535353536
221,active (partial+cons_cv),0.38383838383838387
222,active (shifted),0.3434343434343435
223,active (partial+cons_cv),0.37373737373737376
224,active (shifted),0.3434343434343435
225,active (partial+cons_cv),0.38383838383838387
226,active (shifted),0.33333333333333337
227,active (partial+cons_cv),0.38383838383838387
228,active (shifted),0.3535353535353536
229,active (partial+cons_cv),0.38383838383838387
230,active (shifted),0.3434343434343435
231,active (partial+cons_cv),0.393939393939394
232,active (shifted),0.36363636363636365
233,active (partial+cons_cv),0.393939393939394
234,active (shifted),0.33333333333333337
235,active (partial+cons_cv),0.38383838383838387
236,active (shifted),0.33333333333333337
237,active (partial+cons_cv),0.38383838383838387
238,active (shifted),0.3535353535353536
239,active (partial+cons_cv),0.38383838383838387
240,active (shifted),0.33333333333333337
241,active (partial+cons_cv),0.38383838383838387
242,active (shifted),0.32323232323232326
243,active (partial+cons_cv),0.37373737373737376
244,active (shifted),0.3434343434343435
245,active (partial+cons_cv),0.38383838383838387
246,active (shifted),0.3434343434343435
247,active (partial+cons_cv),0.393939393939394
248,active (shifted),0.3535353535353536
249,active (partial+cons_cv),0.38383838383838387
250,active (shifted),0.33333333333333337
251,active (partial+cons_cv),0.37373737373737376
252,active (shifted),0.33333333333333337
253,active (partial+cons_cv),0.38383838383838387
254,active (shifted),0.3434343434343435
255,active (partial+cons_cv),0.38383838383838387
256,active (shifted),0.33333333333333337
257,active (partial+cons_cv),0.38383838383838387
258,active (shifted),0.3535353535353536
259,active (partial+cons_cv),0.393939393939394
260,active (shifted),0.3535353535353536
261,active (partial+cons_cv),0.38383838383838387
262,active (shifted),0.33333333333333337
263,active (partial+cons_cv),0.393939393939394
264,active (shifted),0.3535353535353536
265,active (partial+cons_cv),0.38383838383838387
266,active (shifted),0.3434343434343435
267,active (partial+cons_cv),0.37373737373737376
268,active (shifted),0.3434343434343435
269,active (partial+cons_cv),0.38383838383838387
270,active (shifted),0.3535353535353536
271,active (partial+cons_cv),0.393939393939394
272,active (shifted),0.3535353535353536
273,active (partial+cons_cv),0.38383838383838387
274,active (shifted),0.3535353535353536
275,active (partial+cons_cv),0.393939393939394
276,active (shifted),0.3434343434343435
277,active (partial+cons_cv),0.37373737373737376
278,active (shifted),0.3434343434343435
279,active (partial+cons_cv),0.36363636363636365
280,active (shifted),0.3434343434343435
281,active (partial+cons_cv),0.38383838383838387
282,active (shifted),0.32323232323232326
283,active (partial+cons_cv),0.37373737373737376
284,active (shifted),0.36363636363636365
285,active (partial+cons_cv),0.393939393939394
286,active (shifted),0.3535353535353536
287,active (partial+cons_cv),0.38383838383838387
288,active (shifted),0.3434343434343435
289,active (partial+cons_cv),0.37373737373737376
290,active (shifted),0.31313131313131315
291,active (partial+cons_cv),0.37373737373737376
292,active (shifted),0.3535353535353536
293,active (partial+cons_cv),0.38383838383838387
294,active (shifted),0.3434343434343435
295,active (partial+cons_cv),0.38383838383838387
296,active (shifted),0.3434343434343435
297,active (partial+cons_cv),0.38383838383838387
298,active (shifted),0.36363636363636365
299,active (partial+cons_cv),0.38383838383838387
300,active (shifted),0.33333333333333337
301,active (partial+cons_cv),0.36363636363636365
302,active (shifted),0.3434343434343435
303,active (partial+cons_cv),0.37373737373737376
304,active (shifted),0.33333333333333337
305,active (partial+cons_cv),0.37373737373737376
306,active (shifted),0.3535353535353536
307,active (partial+cons_cv),0.38383838383838387
308,active (shifted),0.3535353535353536
309,active (partial+cons_cv),0.38383838383838387
310,active (shifted),0.3434343434343435
311,active (partial+cons_cv),0.38383838383838387
312,active (shifted),0.3434343434343435
313,active (partial+cons_cv),0.38383838383838387
314,active (shifted),0.3434343434343435
315,active (partial+cons_cv),0.37373737373737376
316,active (shifted),0.33333333333333337
317,active (partial+cons_cv),0.38383838383838387
318,active (shifted),0.36363636363636365
319,active (partial+cons_cv),0.38383838383838387
320,active (shifted),0.33333333333333337
321,active (partial+cons_cv),0.36363636363636365
322,active (shifted),0.3434343434343435
323,active (partial+cons_cv),0.393939393939394
324,active (shifted),0.3535353535353536
325,active (partial+cons_cv),0.38383838383838387
326,active (shifted),0.3535353535353536
327,active (partial+cons_cv),0.38383838383838387
328,active (shifted),0.3434343434343435
329,active (partial+cons_cv),0.393939393939394
330,active (shifted),0.33333333333333337
331,active (partial+cons_cv),0.37373737373737376
332,active (shifted),0.3434343434343435
333,active (partial+cons_cv),0.37373737373737376
334,active (shifted),0.3434343434343435
335,active (partial+cons_cv),0.37373737373737376
336,active (shifted),0.33333333333333337
337,active (partial+cons_cv),0.37373737373737376
338,active (shifted),0.33333333333333337
339,active (partial+cons_cv),0.37373737373737376
340,active (shifted),0.3535353535353536
341,active (partial+cons_cv),0.38383838383838387
342,active (shifted),0.32323232323232326
343,active (partial+cons_cv),0.36363636363636365
344,active (shifted),0.33333333333333337
345,active (partial+cons_cv),0.38383838383838387
346,active (shifted),0.32323232323232326
347,active (partial+cons_cv),0.37373737373737376
348,active (shifted),0.3535353535353536
349,active (partial+cons_cv),0.38383838383838387
350,active (shifted),0.3535353535353536
351,active (partial+cons_cv),0.38383838383838387
352,active (shifted),0.3434343434343435
353,active (partial+cons_cv),0.38383838383838387
354,active (shifted),0.3535353535353536
355,active (partial+cons_cv),0.37373737373737376
356,active (shifted),0.3535353535353536
357,active (partial+cons_cv),0.38383838383838387
358,active (shifted),0.3434343434343435
359,active (partial+cons_cv),0.38383838383838387
360,active (shifted),0.3535353535353536
361,active (partial+cons_cv),0.37373737373737376
362,active (shifted),0.33333333333333337
363,active (partial+cons_cv),0.38383838383838387
364,active (shifted),0.3535353535353536
365,active (partial+cons_cv),0.38383838383838387
366,active (shifted),0.3535353535353536
367,active (partial+cons_cv),0.393939393939394
368,active (shifted),0.33333333333333337
369,active (partial+cons_cv),0.37373737373737376
370,active (shifted),0.3434343434343435
371,active (partial+cons_cv),0.38383838383838387
372,active (shifted),0.3535353535353536
373,active (partial+cons_cv),0.4040404040404041
374,active (shifted),0.3434343434343435
375,active (partial+cons_cv),0.393939393939394
376,active (shifted),0.3535353535353536
377,active (partial+cons_cv),0.393939393939394
378,active (shifted),0.33333333333333337
379,active (partial+cons_cv),0.38383838383838387
380,active (shifted),0.32323232323232326
381,active (partial+cons_cv),0.37373737373737376
382,active (shifted),0.3434343434343435
383,active (partial+cons_cv),0.37373737373737376
384,active (shifted),0.3535353535353536
385,active (partial+cons_cv),0.38383838383838387
386,active (shifted),0.3434343434343435
387,active (partial+cons_cv),0.38383838383838387
388,active (shifted),0.3434343434343435
389,active (partial+cons_cv),0.38383838383838387
390,active (shifted),0.33333333333333337
391,active (partial+cons_cv),0.393939393939394
392,active (shifted),0.32323232323232326
393,active (partial+cons_cv),0.37373737373737376
394,active (shifted),0.33333333333333337
395,active (partial+cons_cv),0.37373737373737376
396,active (shifted),0.33333333333333337
397,active (partial+cons_cv),0.38383838383838387
398,active (shifted),0.3434343434343435
399,active (partial+cons_cv),0.37373737373737376
400,active (shifted),0.3535353535353536
401,active (partial+cons_cv),0.38383838383838387
402,active (shifted),0.33333333333333337
403,active (partial+cons_cv),0.38383838383838387
404,active (shifted),0.33333333333333337
405,active (partial+cons_cv),0.37373737373737376
406,active (shifted),0.3434343434343435
407,active (partial+cons_cv),0.38383838383838387
408,active (shifted),0.3434343434343435
409,active (partial+cons_cv),0.37373737373737376
410,active (shifted),0.33333333333333337
411,active (partial+cons_cv),0.37373737373737376
412,active (shifted),0.32323232323232326
413,active (partial+cons_cv),0.37373737373737376
414,active (shifted),0.3535353535353536
415,active (partial+cons_cv),0.393939393939394
416,active (shifted),0.30303030303030304
417,active (partial+cons_cv),0.393939393939394
418,active (shifted),0.3535353535353536
419,active (partial+cons_cv),0.38383838383838387
420,active (shifted),0.3434343434343435
421,active (partial+cons_cv),0.38383838383838387
422,active (shifted),0.33333333333333337
423,active (partial+cons_cv),0.37373737373737376
424,active (shifted),0.3434343434343435
425,active (partial+cons_cv),0.38383838383838387
426,active (shifted),0.3434343434343435
427,active (partial+cons_cv),0.38383838383838387
428,active (shifted),0.3434343434343435
429,active (partial+cons_cv),0.37373737373737376
430,active (shifted),0.33333333333333337
431,active (partial+cons_cv),0.37373737373737376
432,active (shifted),0.3535353535353536
433,active (partial+cons_cv),0.38383838383838387
434,active (shifted),0.33333333333333337
435,active (partial+cons_cv),0.37373737373737376
436,active (shifted),0.3434343434343435
437,active (partial+cons_cv),0.38383838383838387
438,active (shifted),0.3535353535353536
439,active (partial+cons_cv),0.393939393939394
440,active (shifted),0.38383838383838387
441,active (partial+cons_cv),0.4141414141414142
442,active (shifted),0.3535353535353536
443,active (partial+cons_cv),0.38383838383838387
444,active (shifted),0.3434343434343435
445,active (partial+cons_cv),0.38383838383838387
446,active (shifted),0.3535353535353536
447,active (partial+cons_cv),0.38383838383838387
448,active (shifted),0.3434343434343435
449,active (partial+cons_cv),0.38383838383838387
450,active (shifted),0.3434343434343435
451,active (partial+cons_cv),0.38383838383838387
452,active (shifted),0.3434343434343435
453,active (partial+cons_cv),0.38383838383838387
454,active (shifted),0.33333333333333337
455,active (partial+cons_cv),0.37373737373737376
456,active (shifted),0.3535353535353536
457,active (partial+cons_cv),0.393939393939394
458,active (shifted),0.3535353535353536
459,active (partial+cons_cv),0.38383838383838387
460,active (shifted),0.3535353535353536
461,active (partial+cons_cv),0.38383838383838387
462,active (shifted),0.3434343434343435
463,active (partial+cons_cv),0.38383838383838387
464,active (shifted),0.3434343434343435
465,active (partial+cons_cv),0.37373737373737376
466,active (shifted),0.3535353535353536
467,active (partial+cons_cv),0.393939393939394
468,active (shifted),0.33333333333333337
469,active (partial+cons_cv),0.37373737373737376
470,active (shifted),0.33333333333333337
471,active (partial+cons_cv),0.38383838383838387
472,active (shifted),0.3434343434343435
473,active (partial+cons_cv),0.37373737373737376
474,active (shifted),0.3434343434343435
475,active (partial+cons_cv),0.38383838383838387
476,active (shifted),0.3434343434343435
477,active (partial+cons_cv),0.38383838383838387
478,active (shifted),0.3535353535353536
479,active (partial+cons_cv),0.393939393939394
480,active (shifted),0.3535353535353536
481,active (partial+cons_cv),0.38383838383838387
482,active (shifted),0.33333333333333337
483,active (partial+cons_cv),0.37373737373737376
484,active (shifted),0.33333333333333337
485,active (partial+cons_cv),0.37373737373737376
486,active (shifted),0.32323232323232326
487,active (partial+cons_cv),0.37373737373737376
488,active (shifted),0.3434343434343435
489,active (partial+cons_cv),0.38383838383838387
490,active (shifted),0.31313131313131315
491,active (partial+cons_cv),0.37373737373737376
492,active (shifted),0.33333333333333337
493,active (partial+cons_cv),0.37373737373737376
494,active (shifted),0.33333333333333337
495,active (partial+cons_cv),0.38383838383838387
496,active (shifted),0.3535353535353536
497,active (partial+cons_cv),0.4141414141414142
498,active (shifted),0.3535353535353536
499,active (partial+cons_cv),0.38383838383838387
500,active (shifted),0.31313131313131315
501,active (partial+cons_cv),0.37373737373737376
502,active (shifted),0.3535353535353536
503,active (partial+cons_cv),0.393939393939394
504,active (shifted),0.36363636363636365
505,active (partial+cons_cv),0.38383838383838387
506,active (shifted),0.3434343434343435
507,active (partial+cons_cv),0.38383838383838387
508,active (shifted),0.33333333333333337
509,active (partial+cons_cv),0.38383838383838387
510,active (shifted),0.33333333333333337
511,active (partial+cons_cv),0.38383838383838387
512,active (shifted),0.36363636363636365
513,active (partial+cons_cv),0.393939393939394
514,active (shifted),0.36363636363636365
515,active (partial+cons_cv),0.393939393939394
516,active (shifted),0.3434343434343435
517,active (partial+cons_cv),0.37373737373737376
518,active (shifted),0.32323232323232326
519,active (partial+cons_cv),0.38383838383838387
520,active (shifted),0.3535353535353536
521,active (partial+cons_cv),0.38383838383838387
522,active (shifted),0.33333333333333337
523,active (partial+cons_cv),0.38383838383838387
524,active (shifted),0.3434343434343435
525,active (partial+cons_cv),0.393939393939394
526,active (shifted),0.3434343434343435
527,active (partial+cons_cv),0.37373737373737376
528,active (shifted),0.33333333333333337
529,active (partial+cons_cv),0.37373737373737376
530,active (shifted),0.3535353535353536
531,active (partial+cons_cv),0.393939393939394
532,active (shifted),0.3535353535353536
533,active (partial+cons_cv),0.38383838383838387
534,active (shifted),0.3434343434343435
535,active (partial+cons_cv),0.38383838383838387
536,active (shifted),0.33333333333333337
537,active (partial+cons_cv),0.37373737373737376
538,active (shifted),0.33333333333333337
539,active (partial+cons_cv),0.37373737373737376
540,active (shifted),0.3535353535353536
541,active (partial+cons_cv),0.38383838383838387
542,active (shifted),0.32323232323232326
543,active (partial+cons_cv),0.36363636363636365
544,active (shifted),0.3535353535353536
545,active (partial+cons_cv),0.38383838383838387
546,active (shifted),0.3535353535353536
547,active (partial+cons_cv),0.38383838383838387
548,active (shifted),0.3535353535353536
549,active (partial+cons_cv),0.37373737373737376
550,active (shifted),0.33333333333333337
551,active (partial+cons_cv),0.37373737373737376
552,active (shifted),0.3434343434343435
553,active (partial+cons_cv),0.38383838383838387
554,active (shifted),0.3434343434343435
555,active (partial+cons_cv),0.37373737373737376
556,active (shifted),0.33333333333333337
557,active (partial+cons_cv),0.36363636363636365
558,active (shifted),0.3434343434343435
559,active (partial+cons_cv),0.38383838383838387
560,active (shifted),0.3434343434343435
561,active (partial+cons_cv),0.38383838383838387
562,active (shifted),0.36363636363636365
563,active (partial+cons_cv),0.37373737373737376
564,active (shifted),0.3434343434343435
565,active (partial+cons_cv),0.4040404040404041
566,active (shifted),0.33333333333333337
567,active (partial+cons_cv),0.37373737373737376
568,active (shifted),0.3434343434343435
569,active (partial+cons_cv),0.38383838383838387
570,active (shifted),0.33333333333333337
571,active (partial+cons_cv),0.38383838383838387
572,active (shifted),0.3434343434343435
573,active (partial+cons_cv),0.38383838383838387
574,active (shifted),0.36363636363636365
575,active (partial+cons_cv),0.38383838383838387
576,active (shifted),0.3434343434343435
577,active (partial+cons_cv),0.37373737373737376
578,active (shifted),0.3434343434343435
579,active (partial+cons_cv),0.38383838383838387
580,active (shifted),0.3434343434343435
581,active (partial+cons_cv),0.38383838383838387
582,active (shifted),0.33333333333333337
583,active (partial+cons_cv),0.37373737373737376
584,active (shifted),0.3535353535353536
585,active (partial+cons_cv),0.38383838383838387
586,active (shifted),0.3434343434343435
587,active (partial+cons_cv),0.38383838383838387
588,active (shifted),0.3434343434343435
589,active (partial+cons_cv),0.37373737373737376
590,active (shifted),0.33333333333333337
591,active (partial+cons_cv),0.37373737373737376
592,active (shifted),0.3434343434343435
593,active (partial+cons_cv),0.38383838383838387
594,active (shifted),0.3535353535353536
595,active (partial+cons_cv),0.38383838383838387
596,active (shifted),0.3434343434343435
597,active (partial+cons_cv),0.38383838383838387
598,active (shifted),0.3434343434343435
599,active (partial+cons_cv),0.37373737373737376
600,active (shifted),0.33333333333333337
601,active (partial+cons_cv),0.38383838383838387
602,active (shifted),0.3434343434343435
603,active (partial+cons_cv),0.38383838383838387
604,active (shifted),0.36363636363636365
605,active (partial+cons_cv),0.4040404040404041
606,active (shifted),0.3434343434343435
607,active (partial+cons_cv),0.38383838383838387
608,active (shifted),0.3434343434343435
609,active (partial+cons_cv),0.38383838383838387
610,active (shifted),0.3434343434343435
611,active (partial+cons_cv),0.38383838383838387
612,active (shifted),0.29292929292929293
613,active (partial+cons_cv),0.38383838383838387
614,active (shifted),0.3434343434343435
615,active (partial+cons_cv),0.38383838383838387
616,active (shifted),0.3535353535353536
617,active (partial+cons_cv),0.38383838383838387
618,active (shifted),0.3535353535353536
619,active (partial+cons_cv),0.38383838383838387
620,active (shifted),0.3434343434343435
621,active (partial+cons_cv),0.38383838383838387
622,active (shifted),0.3434343434343435
623,active (partial+cons_cv),0.37373737373737376
624,active (shifted),0.30303030303030304
625,active (partial+cons_cv),0.38383838383838387
626,active (shifted),0.33333333333333337
627,active (partial+cons_cv),0.37373737373737376
628,active (shifted),0.3434343434343435
629,active (partial+cons_cv),0.36363636363636365
630,active (shifted),0.33333333333333337
631,active (partial+cons_cv),0.37373737373737376
632,active (shifted),0.33333333333333337
633,active (partial+cons_cv),0.36363636363636365
634,active (shifted),0.3434343434343435
635,active (partial+cons_cv),0.393939393939394
636,active (shifted),0.33333333333333337
637,active (partial+cons_cv),0.37373737373737376
638,active (shifted),0.33333333333333337
639,active (partial+cons_cv),0.36363636363636365
640,active (shifted),0.36363636363636365
641,active (partial+cons_cv),0.38383838383838387
642,active (shifted),0.33333333333333337
643,active (partial+cons_cv),0.38383838383838387
644,active (shifted),0.3434343434343435
645,active (partial+cons_cv),0.37373737373737376
646,active (shifted),0.3434343434343435
647,active (partial+cons_cv),0.38383838383838387
648,active (shifted),0.3434343434343435
649,active (partial+cons_cv),0.38383838383838387
650,active (shifted),0.3434343434343435
651,active (partial+cons_cv),0.38383838383838387
652,active (shifted),0.3434343434343435
653,active (partial+cons_cv),0.38383838383838387
654,active (shifted),0.3535353535353536
655,active (partial+cons_cv),0.393939393939394
656,active (shifted),0.3434343434343435
657,active (partial+cons_cv),0.38383838383838387
658,active (shifted),0.3535353535353536
659,active (partial+cons_cv),0.38383838383838387
660,active (shifted),0.33333333333333337
661,active (partial+cons_cv),0.37373737373737376
662,active (shifted),0.3434343434343435
663,active (partial+cons_cv),0.37373737373737376
664,active (shifted),0.3434343434343435
665,active (partial+cons_cv),0.38383838383838387
666,active (shifted),0.33333333333333337
667,active (partial+cons_cv),0.36363636363636365
668,active (shifted),0.3434343434343435
669,active (partial+cons_cv),0.393939393939394
670,active (shifted),0.3535353535353536
671,active (partial+cons_cv),0.37373737373737376
672,active (shifted),0.3434343434343435
673,active (partial+cons_cv),0.38383838383838387
674,active (shifted),0.3434343434343435
675,active (partial+cons_cv),0.37373737373737376
676,active (shifted),0.3434343434343435
677,active (partial+cons_cv),0.37373737373737376
678,active (shifted),0.33333333333333337
679,active (partial+cons_cv),0.37373737373737376
680,active (shifted),0.3535353535353536
681,active (partial+cons_cv),0.38383838383838387
682,active (shifted),0.36363636363636365
683,active (partial+cons_cv),0.393939393939394
684,active (shifted),0.3535353535353536
685,active (partial+cons_cv),0.37373737373737376
686,active (shifted),0.33333333333333337
687,active (partial+cons_cv),0.37373737373737376
688,active (shifted),0.36363636363636365
689,active (partial+cons_cv),0.38383838383838387
690,active (shifted),0.3434343434343435
691,active (partial+cons_cv),0.37373737373737376
692,active (shifted),0.3434343434343435
693,active (partial+cons_cv),0.37373737373737376
694,active (shifted),0.3434343434343435
695,active (partial+cons_cv),0.38383838383838387
696,active (shifted),0.3434343434343435
697,active (partial+cons_cv),0.37373737373737376
698,active (shifted),0.3535353535353536
699,active (partial+cons_cv),0.38383838383838387
700,active (shifted),0.33333333333333337
701,active (partial+cons_cv),0.37373737373737376
702,active (shifted),0.3434343434343435
703,active (partial+cons_cv),0.37373737373737376
704,active (shifted),0.3434343434343435
705,active (partial+cons_cv),0.38383838383838387
706,active (shifted),0.3535353535353536
707,active (partial+cons_cv),0.38383838383838387
708,active (shifted),0.33333333333333337
709,active (partial+cons_cv),0.393939393939394
710,active (shifted),0.3434343434343435
711,active (partial+cons_cv),0.38383838383838387
712,active (shifted),0.33333333333333337
713,active (partial+cons_cv),0.38383838383838387
714,active (shifted),0.3535353535353536
715,active (partial+cons_cv),0.37373737373737376
716,active (shifted),0.32323232323232326
717,active (partial+cons_cv),0.38383838383838387
718,active (shifted),0.33333333333333337
719,active (partial+cons_cv),0.38383838383838387
720,active (shifted),0.3434343434343435
721,active (partial+cons_cv),0.38383838383838387
722,active (shifted),0.3535353535353536
723,active (partial+cons_cv),0.38383838383838387
724,active (shifted),0.3434343434343435
725,active (partial+cons_cv),0.38383838383838387
726,active (shifted),0.3434343434343435
727,active (partial+cons_cv),0.37373737373737376
728,active (shifted),0.33333333333333337
729,active (partial+cons_cv),0.38383838383838387
730,active (shifted),0.33333333333333337
731,active (partial+cons_cv),0.393939393939394
732,active (shifted),0.3434343434343435
733,active (partial+cons_cv),0.38383838383838387
734,active (shifted),0.3434343434343435
735,active (partial+cons_cv),0.38383838383838387
736,active (shifted),0.33333333333333337
737,active (partial+cons_cv),0.38383838383838387
738,active (shifted),0.3434343434343435
739,active (partial+cons_cv),0.37373737373737376
740,active (shifted),0.3434343434343435
741,active (partial+cons_cv),0.38383838383838387
742,active (shifted),0.3535353535353536
743,active (partial+cons_cv),0.37373737373737376
744,active (shifted),0.33333333333333337
745,active (partial+cons_cv),0.37373737373737376
746,active (shifted),0.3434343434343435
747,active (partial+cons_cv),0.38383838383838387
748,active (shifted),0.3535353535353536
749,active (partial+cons_cv),0.38383838383838387
750,active (shifted),0.33333333333333337
751,active (partial+cons_cv),0.37373737373737376
752,active (shifted),0.36363636363636365
753,active (partial+cons_cv),0.38383838383838387
754,active (shifted),0.3434343434343435
755,active (partial+cons_cv),0.38383838383838387
756,active (shifted),0.3434343434343435
757,active (partial+cons_cv),0.38383838383838387
758,active (shifted),0.3535353535353536
759,active (partial+cons_cv),0.38383838383838387
760,active (shifted),0.3535353535353536
761,active (partial+cons_cv),0.38383838383838387
762,active (shifted),0.3434343434343435
763,active (partial+cons_cv),0.38383838383838387
764,active (shifted),0.33333333333333337
765,active (partial+cons_cv),0.38383838383838387
766,active (shifted),0.3434343434343435
767,active (partial+cons_cv),0.38383838383838387
768,active (shifted),0.3434343434343435
769,active (partial+cons_cv),0.38383838383838387
770,active (shifted),0.3434343434343435
771,active (partial+cons_cv),0.38383838383838387
772,active (shifted),0.33333333333333337
773,active (partial+cons_cv),0.38383838383838387
774,active (shifted),0.3434343434343435
775,active (partial+cons_cv),0.38383838383838387
776,active (shifted),0.32323232323232326
777,active (partial+cons_cv),0.38383838383838387
778,active (shifted),0.36363636363636365
779,active (partial+cons_cv),0.393939393939394
780,active (shifted),0.3434343434343435
781,active (partial+cons_cv),0.37373737373737376
782,active (shifted),0.3535353535353536
783,active (partial+cons_cv),0.38383838383838387
784,active (shifted),0.36363636363636365
785,active (partial+cons_cv),0.393939393939394
786,active (shifted),0.3434343434343435
787,active (partial+cons_cv),0.38383838383838387
788,active (shifted),0.3434343434343435
789,active (partial+cons_cv),0.38383838383838387
790,active (shifted),0.36363636363636365
791,active (partial+cons_cv),0.393939393939394
792,active (shifted),0.33333333333333337
793,active (partial+cons_cv),0.38383838383838387
794,active (shifted),0.33333333333333337
795,active (partial+cons_cv),0.36363636363636365
796,active (shifted),0.3434343434343435
797,active (partial+cons_cv),0.393939393939394
798,active (shifted),0.33333333333333337
799,active (partial+cons_cv),0.37373737373737376
800,active (shifted),0.3434343434343435
801,active (partial+cons_cv),0.38383838383838387
802,active (shifted),0.36363636363636365
803,active (partial+cons_cv),0.393939393939394
804,active (shifted),0.3535353535353536
805,active (partial+cons_cv),0.38383838383838387
806,active (shifted),0.3434343434343435
807,active (partial+cons_cv),0.37373737373737376
808,active (shifted),0.33333333333333337
809,active (partial+cons_cv),0.37373737373737376
810,active (shifted),0.33333333333333337
811,active (partial+cons_cv),0.37373737373737376
812,active (shifted),0.33333333333333337
813,active (partial+cons_cv),0.37373737373737376
814,active (shifted),0.3535353535353536
815,active (partial+cons_cv),0.393939393939394
816,active (shifted),0.3535353535353536
817,active (partial+cons_cv),0.38383838383838387
818,active (shifted),0.33333333333333337
819,active (partial+cons_cv),0.37373737373737376
820,active (shifted),0.3535353535353536
821,active (partial+cons_cv),0.37373737373737376
822,active (shifted),0.33333333333333337
823,active (partial+cons_cv),0.393939393939394
824,active (shifted),0.33333333333333337
825,active (partial+cons_cv),0.36363636363636365
826,active (shifted),0.33333333333333337
827,active (partial+cons_cv),0.393939393939394
828,active (shifted),0.3535353535353536
829,active (partial+cons_cv),0.393939393939394
830,active (shifted),0.3535353535353536
831,active (partial+cons_cv),0.38383838383838387
832,active (shifted),0.32323232323232326
833,active (partial+cons_cv),0.37373737373737376
834,active (shifted),0.32323232323232326
835,active (partial+cons_cv),0.38383838383838387
836,active (shifted),0.32323232323232326
837,active (partial+cons_cv),0.38383838383838387
838,active (shifted),0.3434343434343435
839,active (partial+cons_cv),0.38383838383838387
840,active (shifted),0.3434343434343435
841,active (partial+cons_cv),0.37373737373737376
842,active (shifted),0.36363636363636365
843,active (partial+cons_cv),0.38383838383838387
844,active (shifted),0.3535353535353536
845,active (partial+cons_cv),0.38383838383838387
846,active (shifted),0.3535353535353536
847,active (partial+cons_cv),0.38383838383838387
848,active (shifted),0.33333333333333337
849,active (partial+cons_cv),0.37373737373737376
850,active (shifted),0.3434343434343435
851,active (partial+cons_cv),0.38383838383838387
852,active (shifted),0.32323232323232326
853,active (partial+cons_cv),0.38383838383838387
854,active (shifted),0.36363636363636365
855,active (partial+cons_cv),0.393939393939394
856,active (shifted),0.3434343434343435
857,active (partial+cons_cv),0.37373737373737376
858,active (shifted),0.3535353535353536
859,active (partial+cons_cv),0.38383838383838387
860,active (shifted),0.3535353535353536
861,active (partial+cons_cv),0.37373737373737376
862,active (shifted),0.3434343434343435
863,active (partial+cons_cv),0.38383838383838387
864,active (shifted),0.3434343434343435
865,active (partial+cons_cv),0.37373737373737376
866,active (shifted),0.33333333333333337
867,active (partial+cons_cv),0.37373737373737376
868,active (shifted),0.3434343434343435
869,active (partial+cons_cv),0.38383838383838387
870,active (shifted),0.3535353535353536
871,active (partial+cons_cv),0.38383838383838387
872,active (shifted),0.3434343434343435
873,active (partial+cons_cv),0.38383838383838387
874,active (shifted),0.3434343434343435
875,active (partial+cons_cv),0.38383838383838387
876,active (shifted),0.3434343434343435
877,active (partial+cons_cv),0.37373737373737376
878,active (shifted),0.32323232323232326
879,active (partial+cons_cv),0.37373737373737376
880,active (shifted),0.3434343434343435
881,active (partial+cons_cv),0.37373737373737376
882,active (shifted),0.3434343434343435
883,active (partial+cons_cv),0.38383838383838387
884,active (shifted),0.3434343434343435
885,active (partial+cons_cv),0.37373737373737376
886,active (shifted),0.3434343434343435
887,active (partial+cons_cv),0.37373737373737376
888,active (shifted),0.3535353535353536
889,active (partial+cons_cv),0.38383838383838387
890,active (shifted),0.32323232323232326
891,active (partial+cons_cv),0.36363636363636365
892,active (shifted),0.3434343434343435
893,active (partial+cons_cv),0.38383838383838387
894,active (shifted),0.3535353535353536
895,active (partial+cons_cv),0.38383838383838387
896,active (shifted),0.32323232323232326
897,active (partial+cons_cv),0.38383838383838387
898,active (shifted),0.3434343434343435
899,active (partial+cons_cv),0.38383838383838387
900,active (shifted),0.33333333333333337
901,active (partial+cons_cv),0.38383838383838387
902,active (shifted),0.3535353535353536
903,active (partial+cons_cv),0.38383838383838387
904,active (shifted),0.3434343434343435
905,active (partial+cons_cv),0.37373737373737376
906,active (shifted),0.3434343434343435
907,active (partial+cons_cv),0.37373737373737376
908,active (shifted),0.3434343434343435
909,active (partial+cons_cv),0.38383838383838387
910,active (shifted),0.3434343434343435
911,active (partial+cons_cv),0.37373737373737376
912,active (shifted),0.33333333333333337
913,active (partial+cons_cv),0.38383838383838387
914,active (shifted),0.3434343434343435
915,active (partial+cons_cv),0.37373737373737376
916,active (shifted),0.3434343434343435
917,active (partial+cons_cv),0.37373737373737376
918,active (shifted),0.3434343434343435
919,active (partial+cons_cv),0.38383838383838387
920,active (shifted),0.36363636363636365
921,active (partial+cons_cv),0.38383838383838387
922,active (shifted),0.36363636363636365
923,active (partial+cons_cv),0.38383838383838387
924,active (shifted),0.3434343434343435
925,active (partial+cons_cv),0.36363636363636365
926,active (shifted),0.3434343434343435
927,active (partial+cons_cv),0.38383838383838387
928,active (shifted),0.33333333333333337
929,active (partial+cons_cv),0.38383838383838387
930,active (shifted),0.32323232323232326
931,active (partial+cons_cv),0.38383838383838387
932,active (shifted),0.33333333333333337
933,active (partial+cons_cv),0.38383838383838387
934,active (shifted),0.3535353535353536
935,active (partial+cons_cv),0.38383838383838387
936,active (shifted),0.33333333333333337
937,active (partial+cons_cv),0.37373737373737376
938,active (shifted),0.3535353535353536
939,active (partial+cons_cv),0.393939393939394
940,active (shifted),0.36363636363636365
941,active (partial+cons_cv),0.38383838383838387
942,active (shifted),0.3434343434343435
943,active (partial+cons_cv),0.393939393939394
944,active (shifted),0.33333333333333337
945,active (partial+cons_cv),0.38383838383838387
946,active (shifted),0.3434343434343435
947,active (partial+cons_cv),0.38383838383838387
948,active (shifted),0.3434343434343435
949,active (partial+cons_cv),0.37373737373737376
950,active (shifted),0.3535353535353536
951,active (partial+cons_cv),0.38383838383838387
952,active (shifted),0.33333333333333337
953,active (partial+cons_cv),0.38383838383838387
954,active (shifted),0.3434343434343435
955,active (partial+cons_cv),0.37373737373737376
956,active (shifted),0.33333333333333337
957,active (partial+cons_cv),0.38383838383838387
958,active (shifted),0.3434343434343435
959,active (partial+cons_cv),0.37373737373737376
960,active (shifted),0.3434343434343435
961,active (partial+cons_cv),0.38383838383838387
962,active (shifted),0.36363636363636365
963,active (partial+cons_cv),0.393939393939394
964,active (shifted),0.33333333333333337
965,active (partial+cons_cv),0.38383838383838387
966,active (shifted),0.3434343434343435
967,active (partial+cons_cv),0.393939393939394
968,active (shifted),0.3535353535353536
969,active (partial+cons_cv),0.38383838383838387
970,active (shifted),0.32323232323232326
971,active (partial+cons_cv),0.37373737373737376
972,active (shifted),0.3434343434343435
973,active (partial+cons_cv),0.38383838383838387
974,active (shifted),0.3434343434343435
975,active (partial+cons_cv),0.38383838383838387
976,active (shifted),0.33333333333333337
977,active (partial+cons_cv),0.36363636363636365
978,active (shifted),0.3434343434343435
979,active (partial+cons_cv),0.37373737373737376
980,active (shifted),0.3434343434343435
981,active (partial+cons_cv),0.38383838383838387
982,active (shifted),0.3434343434343435
983,active (partial+cons_cv),0.37373737373737376
984,active (shifted),0.33333333333333337
985,active (partial+cons_cv),0.38383838383838387
986,active (shifted),0.3434343434343435
987,active (partial+cons_cv),0.38383838383838387
988,active (shifted),0.3434343434343435
989,active (partial+cons_cv),0.37373737373737376
990,active (shifted),0.3535353535353536
991,active (partial+cons_cv),0.38383838383838387
992,active (shifted),0.3535353535353536
993,active (partial+cons_cv),0.38383838383838387
994,active (shifted),0.3434343434343435
995,active (partial+cons_cv),0.38383838383838387
996,active (shifted),0.33333333333333337
997,active (partial+cons_cv),0.36363636363636365
998,active (shifted),0.3434343434343435
999,active (partial+cons_cv),0.38383838383838387
1000,active (shifted),0.29292929292929293
1001,active (partial+cons_cv),0.36363636363636365
1002,active (shifted),0.3434343434343435
1003,active (partial+cons_cv),0.37373737373737376
1004,active (shifted),0.32323232323232326
1005,active (partial+cons_cv),0.38383838383838387
1006,active (shifted),0.3535353535353536
1007,active (partial+cons_cv),0.38383838383838387
1008,active (shifted),0.3535353535353536
1009,active (partial+cons_cv),0.38383838383838387
1010,active (shifted),0.3535353535353536
1011,active (partial+cons_cv),0.393939393939394
1012,active (shifted),0.3434343434343435
1013,active (partial+cons_cv),0.38383838383838387
1014,active (shifted),0.36363636363636365
1015,active (partial+cons_cv),0.393939393939394
1016,active (shifted),0.3434343434343435
1017,active (partial+cons_cv),0.37373737373737376
1018,active (shifted),0.36363636363636365
1019,active (partial+cons_cv),0.38383838383838387
1020,active (shifted),0.3434343434343435
1021,active (partial+cons_cv),0.393939393939394
1022,active (shifted),0.3535353535353536
1023,active (partial+cons_cv),0.4040404040404041
1024,active (shifted),0.3434343434343435
1025,active (partial+cons_cv),0.38383838383838387
1026,active (shifted),0.3434343434343435
1027,active (partial+cons_cv),0.38383838383838387
1028,active (shifted),0.36363636363636365
1029,active (partial+cons_cv),0.393939393939394
1030,active (shifted),0.32323232323232326
1031,active (partial+cons_cv),0.38383838383838387
1032,active (shifted),0.3434343434343435
1033,active (partial+cons_cv),0.38383838383838387
1034,active (shifted),0.33333333333333337
1035,active (partial+cons_cv),0.38383838383838387
1036,active (shifted),0.32323232323232326
1037,active (partial+cons_cv),0.36363636363636365
1038,active (shifted),0.3434343434343435
1039,active (partial+cons_cv),0.38383838383838387
1040,active (shifted),0.3535353535353536
1041,active (partial+cons_cv),0.393939393939394
1042,active (shifted),0.31313131313131315
1043,active (partial+cons_cv),0.37373737373737376
1044,active (shifted),0.3434343434343435
1045,active (partial+cons_cv),0.38383838383838387
1046,active (shifted),0.3434343434343435
1047,active (partial+cons_cv),0.37373737373737376
1048,active (shifted),0.3434343434343435
1049,active (partial+cons_cv),0.38383838383838387
1050,active (shifted),0.3535353535353536
1051,active (partial+cons_cv),0.38383838383838387
1052,active (shifted),0.3434343434343435
1053,active (partial+cons_cv),0.37373737373737376
1054,active (shifted),0.36363636363636365
1055,active (partial+cons_cv),0.393939393939394
1056,active (shifted),0.3434343434343435
1057,active (partial+cons_cv),0.38383838383838387
1058,active (shifted),0.3535353535353536
1059,active (partial+cons_cv),0.38383838383838387
1060,active (shifted),0.36363636363636365
1061,active (partial+cons_cv),0.38383838383838387
1062,active (shifted),0.33333333333333337
1063,active (partial+cons_cv),0.38383838383838387
1064,active (shifted),0.3434343434343435
1065,active (partial+cons_cv),0.38383838383838387
1066,active (shifted),0.3434343434343435
1067,active (partial+cons_cv),0.38383838383838387
1068,active (shifted),0.3434343434343435
1069,active (partial+cons_cv),0.37373737373737376
1070,active (shifted),0.3535353535353536
1071,active (partial+cons_cv),0.38383838383838387
1072,active (shifted),0.3434343434343435
1073,active (partial+cons_cv),0.38383838383838387
1074,active (shifted),0.31313131313131315
1075,active (partial+cons_cv),0.37373737373737376
1076,active (shifted),0.3535353535353536
1077,active (partial+cons_cv),0.38383838383838387
1078,active (shifted),0.3434343434343435
1079,active (partial+cons_cv),0.37373737373737376
1080,active (shifted),0.3535353535353536
1081,active (partial+cons_cv),0.38383838383838387
1082,active (shifted),0.33333333333333337
1083,active (partial+cons_cv),0.37373737373737376
1084,active (shifted),0.3434343434343435
1085,active (partial+cons_cv),0.393939393939394
1086,active (shifted),0.33333333333333337
1087,active (partial+cons_cv),0.38383838383838387
1088,active (shifted),0.33333333333333337
1089,active (partial+cons_cv),0.38383838383838387
1090,active (shifted),0.3434343434343435
1091,active (partial+cons_cv),0.393939393939394
1092,active (shifted),0.3434343434343435
1093,active (partial+cons_cv),0.37373737373737376
1094,active (shifted),0.33333333333333337
1095,active (partial+cons_cv),0.37373737373737376
1096,active (shifted),0.3434343434343435
1097,active (partial+cons_cv),0.393939393939394
1098,active (shifted),0.3434343434343435
1099,active (partial+cons_cv),0.393939393939394
1100,active (shifted),0.3434343434343435
1101,active (partial+cons_cv),0.37373737373737376
1102,active (shifted),0.33333333333333337
1103,active (partial+cons_cv),0.38383838383838387
1104,active (shifted),0.33333333333333337
1105,active (partial+cons_cv),0.37373737373737376
1106,active (shifted),0.33333333333333337
1107,active (partial+cons_cv),0.38383838383838387
1108,active (shifted),0.3535353535353536
1109,active (partial+cons_cv),0.393939393939394
1110,active (shifted),0.36363636363636365
1111,active (partial+cons_cv),0.393939393939394
1112,active (shifted),0.3434343434343435
1113,active (partial+cons_cv),0.38383838383838387
1114,active (shifted),0.3434343434343435
1115,active (partial+cons_cv),0.38383838383838387
1116,active (shifted),0.33333333333333337
1117,active (partial+cons_cv),0.37373737373737376
1118,active (shifted),0.3434343434343435
1119,active (partial+cons_cv),0.393939393939394
1120,active (shifted),0.3434343434343435
1121,active (partial+cons_cv),0.37373737373737376
1122,active (shifted),0.3535353535353536
1123,active (partial+cons_cv),0.393939393939394
1124,active (shifted),0.3434343434343435
1125,active (partial+cons_cv),0.38383838383838387
1126,active (shifted),0.32323232323232326
1127,active (partial+cons_cv),0.37373737373737376
1128,active (shifted),0.3535353535353536
1129,active (partial+cons_cv),0.38383838383838387
1130,active (shifted),0.3535353535353536
1131,active (partial+cons_cv),0.393939393939394
1132,active (shifted),0.3434343434343435
1133,active (partial+cons_cv),0.37373737373737376
1134,active (shifted),0.3434343434343435
1135,active (partial+cons_cv),0.37373737373737376
1136,active (shifted),0.3434343434343435
1137,active (partial+cons_cv),0.38383838383838387
1138,active (shifted),0.33333333333333337
1139,active (partial+cons_cv),0.37373737373737376
1140,active (shifted),0.3434343434343435
1141,active (partial+cons_cv),0.4040404040404041
1142,active (shifted),0.3535353535353536
1143,active (partial+cons_cv),0.38383838383838387
1144,active (shifted),0.3434343434343435
1145,active (partial+cons_cv),0.38383838383838387
1146,active (shifted),0.3434343434343435
1147,active (partial+cons_cv),0.37373737373737376
1148,active (shifted),0.3434343434343435
1149,active (partial+cons_cv),0.393939393939394
1150,active (shifted),0.3535353535353536
1151,active (partial+cons_cv),0.393939393939394
1152,active (shifted),0.36363636363636365
1153,active (partial+cons_cv),0.393939393939394
1154,active (shifted),0.32323232323232326
1155,active (partial+cons_cv),0.37373737373737376
1156,active (shifted),0.32323232323232326
1157,active (partial+cons_cv),0.38383838383838387
1158,active (shifted),0.36363636363636365
1159,active (partial+cons_cv),0.38383838383838387
1160,active (shifted),0.3535353535353536
1161,active (partial+cons_cv),0.38383838383838387
1162,active (shifted),0.3434343434343435
1163,active (partial+cons_cv),0.38383838383838387
1164,active (shifted),0.3434343434343435
1165,active (partial+cons_cv),0.38383838383838387
1166,active (shifted),0.3434343434343435
1167,active (partial+cons_cv),0.38383838383838387
1168,active (shifted),0.3434343434343435
1169,active (partial+cons_cv),0.37373737373737376
1170,active (shifted),0.3535353535353536
1171,active (partial+cons_cv),0.38383838383838387
1172,active (shifted),0.33333333333333337
1173,active (partial+cons_cv),0.38383838383838387
1174,active (shifted),0.36363636363636365
1175,active (partial+cons_cv),0.393939393939394
1176,active (shifted),0.3434343434343435
1177,active (partial+cons_cv),0.38383838383838387
1178,active (shifted),0.32323232323232326
1179,active (partial+cons_cv),0.36363636363636365
1180,active (shifted),0.3434343434343435
1181,active (partial+cons_cv),0.38383838383838387
1182,active (shifted),0.33333333333333337
1183,active (partial+cons_cv),0.37373737373737376
1184,active (shifted),0.3434343434343435
1185,active (partial+cons_cv),0.393939393939394
1186,active (shifted),0.3434343434343435
1187,active (partial+cons_cv),0.38383838383838387
1188,active (shifted),0.32323232323232326
1189,active (partial+cons_cv),0.37373737373737376
1190,active (shifted),0.32323232323232326
1191,active (partial+cons_cv),0.37373737373737376
1192,active (shifted),0.3434343434343435
1193,active (partial+cons_cv),0.38383838383838387
1194,active (shifted),0.3535353535353536
1195,active (partial+cons_cv),0.38383838383838387
1196,active (shifted),0.33333333333333337
1197,active (partial+cons_cv),0.37373737373737376
1198,active (shifted),0.3434343434343435
1199,active (partial+cons_cv),0.37373737373737376
